handleId,fieldType,name,description,productImageUrl,collection,sku,ribbon,price,surcharge,visible,discountMode,discountValue,inventory,weight,cost,productOptionName1,productOptionType1,productOptionDescription1,productOptionName2,productOptionType2,productOptionDescription2,productOptionName3,productOptionType3,productOptionDescription3,productOptionName4,productOptionType4,productOptionDescription4,productOptionName5,productOptionType5,productOptionDescription5,productOptionName6,productOptionType6,productOptionDescription6,additionalInfoTitle1,additionalInfoDescription1,additionalInfoTitle2,additionalInfoDescription2,additionalInfoTitle3,additionalInfoDescription3,additionalInfoTitle4,additionalInfoDescription4,additionalInfoTitle5,additionalInfoDescription5,additionalInfoTitle6,additionalInfoDescription6,customTextField1,customTextCharLimit1,customTextMandatory1,customTextField2,customTextCharLimit2,customTextMandatory2,brand
product_399f74b7-e253-fcef-8d43-9e24c0ed6e33,Product,Washington Puff Vest (Black),"Stay warm and stylish with the Washington Puff Vest in Black, exclusively available at CETS Apparel. Crafted with lightweight insulation and a sleek, water-resistant finish, this vest offers exceptional comfort and durability for any season. Designed to seamlessly layer over your favorite outfits, it embodies CETS Apparel’s commitment to quality and modern functionality. Perfect for urban adventures or casual outings, the Washington Puff Vest combines practicality with a timeless look. Experience the convenience of shopping with CETS Apparel, where premium apparel meets customer-focused service.",b7f29b_355235f8acfa4b47b071f17090180add~mv2.png;b7f29b_bfba3d253547424683d633b05c83f377~mv2.png;b7f29b_82edb1485edd4993afbdf86a24d35f85~mv2.png,,,,100.0,,true,PERCENT,0.0,InStock,,25.0,,,,,,,,,,,,,,,,,,,,,,,,,,,,,,,,,,,,,
product_4437d20b-ba2a-109a-7842-e22442db37d6,Product,Washington Puff Vest,"The Washington Puff Vest from CETS Apparel combines lightweight warmth with sleek, modern design, making it an essential layering piece for any wardrobe. Crafted with premium materials, this vest offers exceptional insulation without bulk, perfect for staying comfortable during cooler days. At CETS Apparel, we prioritize quality and style, ensuring every product meets our high standards for durability and versatility. Whether you're heading outdoors or adding an urban edge to your outfit, the Washington Puff Vest delivers reliable performance and timeless appeal. Experience the perfect balance of function and fashion with this must-have vest.",b7f29b_dcc4fab2ba10493c8d438e2da5b8d2d6~mv2.png;b7f29b_8b743f68e92649d199507fe1b467b81a~mv2.png,,,New Arrival,100.0,,true,PERCENT,0.0,InStock,,25.0,,,,,,,,,,,,,,,,,,,,,,,,,,,,,,,,,,,,,
product_95c465df-24d4-4254-c936-0d4b8c827dae,Product,Dallas Varsity Jacket,"<p>Elevate your style with the Dallas Varsity Jacket from CETS Apparel, featuring a premium wool body and sleek faux leather sleeves. This blue wool with classic gray sleeves&nbsp;design not only offers a sophisticated look but also ensures you stay warm, courtesy of its insulated lining. Show off your passion for football with eye-catching Superbowl patches, while the convenient inside pocket adds practicality to your wardrobe. Perfect for those who value both fashion and function, this jacket is a must-have this season.</p>",b7f29b_fa49e12b9da04428920e9f73bcfaf42d~mv2.png;b7f29b_74d58821dd674604bd3369c1277a1d4e~mv2.png;b7f29b_ae17bfeb992b445abd82c69b07c0e57e~mv2.png;b7f29b_62004b5d5eb6486b99ba48c49bff7939~mv2.png;b7f29b_858abd9b5cd34f25b77d8eebbca1a0e0~mv2.png;b7f29b_92892f64f24c4a73b8a268529dc4f6b8~mv2.png;b7f29b_ac443fee0e774a07bcab010fa8ac0d9f~mv2.png;b7f29b_0922d9879d8442a59c8190424c9e4052~mv2.png;b7f29b_2da1e407a2b748e9960f9f33a9a763d6~mv2.png;b7f29b_26f21571a7824b8aa581ce2666402275~mv2.png;b7f29b_db2dd3e12eda41b69861755813296658~mv2.jpg;b7f29b_8e6490c3b7d74174bd6fe55b0600a420~mv2.png,Varsity Jackets,,,225.0,,true,PERCENT,0.0,InStock,,65.0,Size,DROP_DOWN,Medium;Large;XL;XXL;3XL;6XL,,,,,,,,,,,,,,,,,,,,,,,,,,,,,,,,,,
product_040b946a-3366-c0b5-5c54-1cff107c5dbe,Product,Burgundy Washington Varsity Jacket,"Experience timeless style and unparalleled comfort with the Burgundy Washington Varsity Jacket from CETS Apparel. This jacket features a wool chest for premium warmth, complemented by durable faux leather sleeves. Eye-catching Super Bowl patches add a unique touch, while an inside pocket keeps your essentials secure. The warm lining ensures you stay cozy in any weather. Elevate your wardrobe with this standout piece, reflecting our commitment to high-quality, stylish apparel.",b7f29b_3178a51b246f42008fdcd667b74e5541~mv2.jpg;b7f29b_c2a2ab88d65241729264eaa56aba7f83~mv2.png;b7f29b_f14cceeb9b1047d992fa8069a652059e~mv2.png;b7f29b_75155387d6654b779fec7d57cf8b25ce~mv2.png;b7f29b_c3eea311e8874ebdacbd63f51516bab6~mv2.jpg;b7f29b_ecb12c53ba3b4f908a7ec5d289056b7e~mv2.jpg;b7f29b_a147a02670774873b88b36fcd2cb3910~mv2.jpg;b7f29b_dae6e941d8a2416da111063758fcb834~mv2.jpg;b7f29b_d8fdeae0e7014743b4685f10ad9baf07~mv2.png;b7f29b_0b34aab85cce45dba29fdc91d14586d0~mv2.jpg;b7f29b_50ed1f2048d24075a942cca8d8849b0b~mv2.png,Varsity Jackets,,,225.0,,true,PERCENT,0.0,0,,,Size,DROP_DOWN,3XL;2XL;XL;Large,,,,,,,,,,,,,,,,,,,,,,,,,,,,,,,,,,
product_040b946a-3366-c0b5-5c54-1cff107c5dbe,Variant,,,,,,,,,true,,,1,,48.0,,,Large,,,,,,,,,,,,,,,,,,,,,,,,,,,,,,,,,,
product_040b946a-3366-c0b5-5c54-1cff107c5dbe,Variant,,,,,,,,,true,,,2,,48.0,,,3XL,,,,,,,,,,,,,,,,,,,,,,,,,,,,,,,,,,
product_040b946a-3366-c0b5-5c54-1cff107c5dbe,Variant,,,,,,,,,true,,,3,,48.0,,,XL,,,,,,,,,,,,,,,,,,,,,,,,,,,,,,,,,,
product_040b946a-3366-c0b5-5c54-1cff107c5dbe,Variant,,,,,,,,,true,,,1,,48.0,,,2XL,,,,,,,,,,,,,,,,,,,,,,,,,,,,,,,,,,
product_cc9904bf-d3fd-7d48-aa85-4f7419b937c2,Product,Washington Varsity Jacket,"Elevate your style with the Washington Varsity Jacket from CETS Apparel, featuring a premium wool body and sleek faux leather sleeves. This black on black design not only offers a sophisticated look but also ensures you stay warm, courtesy of its insulated lining. Show off your passion for football with eye-catching Superbowl patches, while the convenient inside pocket adds practicality to your wardrobe. Perfect for those who value both fashion and function, this jacket is a must-have this season.",b7f29b_f47afadb2467476eb25b16df761d4f59~mv2.png;b7f29b_20a539ee679f406f82844ca14fb4be85~mv2.png;b7f29b_1b9f7049101445759a37e37c5f4db994~mv2.png;b7f29b_fff11ae516ce45429c534ec3ca671749~mv2.png;b7f29b_d6a5d678ff844ceeb1a7a68109c0372e~mv2.png;b7f29b_fb9e280738384d35a4531603914f2782~mv2.jpg;b7f29b_e4ef8e5141534688a2bb20b6f9c2ce2c~mv2.jpg;b7f29b_c921b4593e1b4c099d759533e36ce80e~mv2.jpg;b7f29b_92069d7ff582481eb188a1956e61b68e~mv2.jpg;b7f29b_b2708fa44cbc486e8eb9120eed8abd86~mv2.jpg;b7f29b_a678d321c5ba450f8f6993c74ed10332~mv2.jpg;b7f29b_6b78e4b85d45455b8d8a0c0b07dc5836~mv2.jpg,Varsity Jackets,,,225.0,,true,PERCENT,0.0,0,,,Size,DROP_DOWN,4XL;Medium;XL;2XL,,,,,,,,,,,,,,,,,,,,,,,,,,,,,,,,,,
product_cc9904bf-d3fd-7d48-aa85-4f7419b937c2,Variant,,,,,,,,,true,,,1,,48.0,,,4XL,,,,,,,,,,,,,,,,,,,,,,,,,,,,,,,,,,
product_cc9904bf-d3fd-7d48-aa85-4f7419b937c2,Variant,,,,,,,,,true,,,1,,48.0,,,2XL,,,,,,,,,,,,,,,,,,,,,,,,,,,,,,,,,,
product_cc9904bf-d3fd-7d48-aa85-4f7419b937c2,Variant,,,,,,,,,true,,,1,,48.0,,,XL,,,,,,,,,,,,,,,,,,,,,,,,,,,,,,,,,,
product_cc9904bf-d3fd-7d48-aa85-4f7419b937c2,Variant,,,,,,,,,true,,,2,,48.0,,,Medium,,,,,,,,,,,,,,,,,,,,,,,,,,,,,,,,,,
product_f5a4c3fd-f78b-46a4-2699-04c04b751e81,Product,"""DC""","<p>We bring to you our unique style designed with the DMV night life and culture. Our unisex t-shirts are made with 100% Cotton, Weight 5.6 Oz.</p>",b7f29b_5447bc9272d64e2bab4fc679f5d7b0db~mv2.png;b7f29b_93139409b139447c87b3b14eab7450c7~mv2.png,T - Shirts;Men;New Arrivals;Hot Sellers,,,35.0,,true,PERCENT,0.0,InStock,,14.2,Size,DROP_DOWN,Meduim;Large;XL;XXL,Color,COLOR,"#000000:Black;rgb(255, 255, 255):White",,,,,,,,,,,,,,,,,,,,,,,,,,,,,,,
product_c649e6a9-b61a-7c02-fa1b-89f46d8206c3,Product,"""DC""","<p>We bring to you our unique style designed with the DMV night life and culture. Our unisex sweat hoodies are made with 90% Cotton, 10% Polyester, Weight 9.7 Oz.&nbsp;</p>",b7f29b_dc7d8a00a57044b2b35ec486e0fb892a~mv2.png;b7f29b_29071e66395247929da1da6f5da51762~mv2.png,New Arrivals;Winter,,,55.0,,true,PERCENT,0.0,InStock,,,,,,,,,,,,,,,,,,,,,,,,,,,,,,,,,,,,,,,
product_773dfadf-25e5-b2cc-8e3b-b04211dc2ab5,Product,"""Crank Nation""","<p>We bring to you our unique style designed with the DMV night life and culture. Our unisex sweat hoodies are made with 90% Cotton, 10% Polyester, Weight 9.7 Oz.&nbsp;</p>",b7f29b_d2befbe9b8604477b11a8aa78ffcbd38~mv2.png;b7f29b_9ab33c69f39b483b918fbde7e3dd1d6a~mv2.png,New Arrivals;Winter,,,55.0,,true,PERCENT,0.0,InStock,,,,,,,,,,,,,,,,,,,,,,,,,,,,,,,,,,,,,,,
product_0b465ef1-4163-31c5-9b14-b1d2329f998c,Product,"""One Chance""","<p>We bring to you our unique style designed with the DMV night life and culture. Our unisex sweat hoodies are made with 90% Cotton, 10% Polyester, Weight 9.7 Oz.&nbsp;</p>",b7f29b_7a243a968eab484c8423407b3ebed788~mv2.png,New Arrivals;Winter,,,55.0,,true,PERCENT,0.0,InStock,,,,,,,,,,,,,,,,,,,,,,,,,,,,,,,,,,,,,,,
product_97bf7f8d-98f4-3cc8-2bb1-50a4ddf45dde,Product,"""One Chance""","<p>We bring to you our unique style designed with the DMV night life and culture. Our unisex t-shirts are made with 100% Cotton, Weight 5.6 Oz.</p><p>&nbsp;</p><p>-White is currently Out of stock</p>",b7f29b_deb1c3d141954a78b13f5cb12712f371~mv2.png;b7f29b_ee631f6560f44ce8ba7ef583447ad5fb~mv2.png,T - Shirts;Men;New Arrivals,,,35.0,,true,PERCENT,0.0,InStock,,14.2,Size,DROP_DOWN,Meduim;Large;XL;XXL,Color,COLOR,#000000:Black,,,,,,,,,,,,,,,,,,,,,,,,,,,,,,,
product_01d13c46-ad56-2eef-a39b-f6439e6a6d0c,Product,"""DMV Harbor Life""","<p>We bring to you our unique style designed with the DMV night life and culture. Our unisex t-shirts are made with 100% Cotton, Weight 5.6 Oz.</p>",b7f29b_4d2a4dd229a041a686f831fff1b55d53~mv2.png;b7f29b_36f84e769b374357be9aff8df285ba79~mv2.png,T - Shirts;Men,,,35.0,,true,PERCENT,0.0,InStock,,,Color,COLOR,"#000000:Black;rgb(255, 255, 255):White",Size,DROP_DOWN,Medium;Large;XL;XXL,,,,,,,,,,,,,,,,,,,,,,,,,,,,,,,
product_73202b28-b1b4-4b8a-bb35-a53918c7f307,Product,"""DMV""","<p>We bring to you our unique style designed with the DMV night life and culture. Our unisex t-shirts are made with 100% Cotton, Weight 5.6 Oz.</p>",b7f29b_d241082ecb8f48aba3bdf3e60dc5aa36~mv2.png;b7f29b_3cb226e09c48458aa492cdb1f9ff9dab~mv2.png,T - Shirts;Men;New Arrivals,,,35.0,,true,PERCENT,0.0,InStock,,14.2,Size,DROP_DOWN,Meduim;Large;XL;XXL,Color,COLOR,"#000000:Black;rgb(255, 255, 255):White",,,,,,,,,,,,,,,,,,,,,,,,,,,,,,,
product_495cebb0-c3e5-2cf5-e01a-57d0a6149a9f,Product,"""The Capitol Steps""","<p>We bring to you our unique style designed with the DMV night life and culture. Our unisex t-shirts are made with 100% Cotton, Weight 5.6 Oz.</p>",b7f29b_24d9200d269149daafdd72930fed5754~mv2.png;b7f29b_9a0f179033dd46e78970a756209b60d9~mv2.png,T - Shirts;Men;New Arrivals,,,35.0,,true,PERCENT,0.0,InStock,,14.2,Size,DROP_DOWN,Meduim;Large;XL;XXL,Color,COLOR,"#000000:Black;rgb(255, 255, 255):White",,,,,,,,,,,,,,,,,,,,,,,,,,,,,,,
product_61723195-9f27-682b-8fa4-240106dc21b3,Product,"""Crank Nation""","<p>We bring to you our unique style designed with the DMV night life and culture. Our unisex t-shirts are made with 100% Cotton, Weight 5.6 Oz.</p>",b7f29b_5bcaba2b7fac4c6988ff1df1ea81b1d2~mv2.png;b7f29b_65d80711ee1b46baaa4a22baaad2e1a5~mv2.png,Hot Sellers;New Arrivals;GO-GO Collection;T - Shirts;Men,,,35.0,,true,PERCENT,0.0,InStock,,14.2,Size,DROP_DOWN,Meduim;Large;XL;XXL,Color,COLOR,"#000000:Black;rgb(255, 255, 255):White",,,,,,,,,,,,,,,,,,,,,,,,,,,,,,,
product_955fdaa9-65ee-da7a-33a0-be4299b9e847,Product,"""DMV Stripes""","<p>We bring to you our unique style designed with the DMV night life and culture. Our unisex sweat hoodies are made with 90% Cotton, 10% Polyester, Weight 9.7 Oz.&nbsp;</p>",b7f29b_f813f7496f0b4349bd71182fbfb535d8~mv2.png;b7f29b_8afbdf28c8494878b6a980f15ee5d6a0~mv2.png;b7f29b_0d52eb443db84da2b2229163ccba1ed2~mv2.png,New Arrivals;Winter,,,55.0,,true,PERCENT,0.0,InStock,,,,,,,,,,,,,,,,,,,,,,,,,,,,,,,,,,,,,,,
product_9fa53b96-61bf-01bf-b05e-f5ab2eecc0b8,Product,"""Capitol Steps""","<p>We bring to you our unique style designed with the DMV night life and culture. Our unisex sweat hoodies are made with 90% Cotton, 10% Polyester, Weight 9.7 Oz.&nbsp;</p>",b7f29b_3b676f0e45f84cb2b911ccceb252b01e~mv2.png;b7f29b_53248072d38746fa8c8ecdc31a06ee3e~mv2.png;b7f29b_75bfa6d6adb24bbc897c59064753f621~mv2.png,New Arrivals;Winter,,,55.0,,true,PERCENT,0.0,InStock,,,,,,,,,,,,,,,,,,,,,,,,,,,,,,,,,,,,,,,
product_01e918da-5643-e1fd-1044-f13df95fef7d,Product,"""CETS Apparel""","<p>We bring to you our unique style designed with the DMV night life and culture. Our unisex t-shirts are made with 100% Cotton, Weight 5.6 Oz.</p>",b7f29b_8e213a995bc0471b90a6caf7ebf936a8~mv2.png;b7f29b_19ed04b0ac2e45f088b56a5f26273521~mv2.png,Sale;T - Shirts;Men,,,35.0,,true,PERCENT,0.0,InStock,,14.2,Color,COLOR,"#000000:Black;rgb(255, 255, 255):White",Size,DROP_DOWN,Large;Meduim;XL;XXL,,,,,,,,,,,,,,,,,,,,,,,,,,,,,,,
product_e1b2d685-eefd-aeac-77c6-18217f5edb9d,Product,"Women's ""VA Finest""","<p>We bring to you our unique style designed with the DMV night life and culture. Our unisex t-shirts are made with 100% Cotton, Weight 5.6 Oz.</p>",b7f29b_de3bbb3c7c3f42a094c1ae8b0730166b~mv2.jpg;b7f29b_bcdf546b42734499a840aae862ef3911~mv2.jpg,T - Shirts;Women,,,35.0,,true,PERCENT,0.0,InStock,,,Size,DROP_DOWN,Medium;Large;XL;XXL,Color,COLOR,"#000000:Black;rgb(255, 255, 255):White",,,,,,,,,,,,,,,,,,,,,,,,,,,,,,,
product_2d156c0f-aa6a-f1ec-2521-0797c718a5e7,Product,"Women's ""I Love GO-GO in Color""","<p>We bring to you our unique style designed with the DMV night life and culture. Our unisex t-shirts are made with 100% Cotton, Weight 5.6 Oz.</p>",b7f29b_afd3a58cc1c34742b35a68dd0f5034dc~mv2.jpg;b7f29b_4a8d16b74b714089b48d922d678d298f~mv2.jpg,GO-GO Collection;T - Shirts;Women,,,35.0,,true,PERCENT,0.0,InStock,,,Size,DROP_DOWN,Medium;Large;XL;XXL,Color,COLOR,"#000000:Black;rgb(255, 255, 255):White",,,,,,,,,,,,,,,,,,,,,,,,,,,,,,,
product_30d99a58-5348-559b-ad20-f8261dd0b2be,Product,"Women's ""I Love GO-GO""","<p>We bring to you our unique style designed with the DMV night life and culture. Our unisex t-shirts are made with 100% Cotton, Weight 5.6 Oz.</p>",b7f29b_c65e3884c5484446927143d7f0392a1f~mv2.jpg,GO-GO Collection;T - Shirts;Women,,,35.0,,true,PERCENT,0.0,InStock,,,Size,DROP_DOWN,Meduim;Large;XL;XXL,,,,,,,,,,,,,,,,,,,,,,,,,,,,,,,,,,
product_68e4731a-1718-8127-aa26-220353774ad1,Product,"Women's ""DC, MD, VA""","<p>We bring to you our unique style designed with the DMV night life and culture. Our unisex t-shirts are made with 100% Cotton, Weight 5.6 Oz.</p>",b7f29b_dd376d3a68fa4f27b9c9c861871eda03~mv2.jpg;b7f29b_44ba95522db7439fa2d90951fa9f588c~mv2.jpg,Women;T - Shirts,,,35.0,,false,PERCENT,0.0,OutOfStock,,,Size,DROP_DOWN,Medium;Large;XL;XXL,Color,COLOR,"#000000:Black;rgb(255, 255, 255):White",,,,,,,,,,,,,,,,,,,,,,,,,,,,,,,
product_0b9bb73e-be10-0147-8266-d1cce89550e7,Product,"Women's ""I Love DMV GO-GO""","<p>We bring to you our unique style designed with the DMV night life and culture. Our unisex t-shirts are made with 100% Cotton, Weight 5.6 Oz.</p>",b7f29b_267c4c5682c94bd5b0683a987a23d64e~mv2.jpg,GO-GO Collection;T - Shirts;Women,,,35.0,,true,PERCENT,0.0,0,,,Size,DROP_DOWN,Medium;Large;XL;XXL,,,,,,,,,,,,,,,,,,,,,,,,,,,,,,,,,,
product_0b9bb73e-be10-0147-8266-d1cce89550e7,Variant,,,,,,,,,true,,,2,,10.22,,,Large,,,,,,,,,,,,,,,,,,,,,,,,,,,,,,,,,,
product_0b9bb73e-be10-0147-8266-d1cce89550e7,Variant,,,,,,,,,true,,,2,,10.22,,,XL,,,,,,,,,,,,,,,,,,,,,,,,,,,,,,,,,,
product_0b9bb73e-be10-0147-8266-d1cce89550e7,Variant,,,,,,,,,true,,,2,,11.82,,,XXL,,,,,,,,,,,,,,,,,,,,,,,,,,,,,,,,,,
product_0b9bb73e-be10-0147-8266-d1cce89550e7,Variant,,,,,,,,,true,,,2,,10.22,,,Medium,,,,,,,,,,,,,,,,,,,,,,,,,,,,,,,,,,
product_7f1292b9-df2d-2176-269b-c3e2279b0937,Product,"Women's ""Maryland Crab""","<p>We bring to you our unique style designed with the DMV night life and culture. Our unisex t-shirts are made with 100% Cotton, Weight 5.6 Oz.</p>",b7f29b_e8e8a5c1f66042868cbe7cc99b003342~mv2.jpg;b7f29b_5b2f9d9d14544f99be22692fddf2da47~mv2.jpg,T - Shirts;Women,,,35.0,,true,PERCENT,0.0,0,,,Size,DROP_DOWN,Medium;Large;XL;XXL,,,,,,,,,,,,,,,,,,,,,,,,,,,,,,,,,,
product_7f1292b9-df2d-2176-269b-c3e2279b0937,Variant,,,,,,,,,true,,,2,,10.22,,,Large,,,,,,,,,,,,,,,,,,,,,,,,,,,,,,,,,,
product_7f1292b9-df2d-2176-269b-c3e2279b0937,Variant,,,,,,,,,true,,,2,,11.82,,,XXL,,,,,,,,,,,,,,,,,,,,,,,,,,,,,,,,,,
product_7f1292b9-df2d-2176-269b-c3e2279b0937,Variant,,,,,,,,,true,,,2,,10.22,,,Medium,,,,,,,,,,,,,,,,,,,,,,,,,,,,,,,,,,
product_7f1292b9-df2d-2176-269b-c3e2279b0937,Variant,,,,,,,,,true,,,2,,10.22,,,XL,,,,,,,,,,,,,,,,,,,,,,,,,,,,,,,,,,
product_c5f5a86d-6720-830c-d890-ebc81ed0930f,Product,"Women's ""Maryland""","<p>We bring to you our unique style designed with the DMV night life and culture. Our unisex t-shirts are made with 100% Cotton, Weight 5.6 Oz.</p>",b7f29b_9d6a5bd4caec49289b0a40b2d4777631~mv2.jpg,T - Shirts;Women,,,35.0,,true,PERCENT,0.0,0,,,Size,DROP_DOWN,Medium;Large;XL;XXL,,,,,,,,,,,,,,,,,,,,,,,,,,,,,,,,,,
product_c5f5a86d-6720-830c-d890-ebc81ed0930f,Variant,,,,,,,,,true,,,2,,10.2,,,Medium,,,,,,,,,,,,,,,,,,,,,,,,,,,,,,,,,,
product_c5f5a86d-6720-830c-d890-ebc81ed0930f,Variant,,,,,,,,,true,,,2,,10.2,,,XL,,,,,,,,,,,,,,,,,,,,,,,,,,,,,,,,,,
product_c5f5a86d-6720-830c-d890-ebc81ed0930f,Variant,,,,,,,,,true,,,2,,11.82,,,XXL,,,,,,,,,,,,,,,,,,,,,,,,,,,,,,,,,,
product_c5f5a86d-6720-830c-d890-ebc81ed0930f,Variant,,,,,,,,,true,,,2,,10.2,,,Large,,,,,,,,,,,,,,,,,,,,,,,,,,,,,,,,,,
product_c1d3e4c6-516d-2cf4-4d2f-064e03c60b1d,Product,"Women's ""Our City Our Sound""","<p>We bring to you our unique style designed with the DMV night life and culture. Our unisex t-shirts are made with 100% Cotton, Weight 5.6 Oz.</p>",b7f29b_e4c189c1acef4738a3b8b6b48fe84c81~mv2.jpg,GO-GO Collection;T - Shirts;Women,,,35.0,,true,PERCENT,0.0,0,,,Size,DROP_DOWN,Medium;Large;XL;XXL,,,,,,,,,,,,,,,,,,,,,,,,,,,,,,,,,,
product_c1d3e4c6-516d-2cf4-4d2f-064e03c60b1d,Variant,,,,,,,,,true,,,2,,10.22,,,Medium,,,,,,,,,,,,,,,,,,,,,,,,,,,,,,,,,,
product_c1d3e4c6-516d-2cf4-4d2f-064e03c60b1d,Variant,,,,,,,,,true,,,2,,10.22,,,XL,,,,,,,,,,,,,,,,,,,,,,,,,,,,,,,,,,
product_c1d3e4c6-516d-2cf4-4d2f-064e03c60b1d,Variant,,,,,,,,,true,,,2,,10.22,,,Large,,,,,,,,,,,,,,,,,,,,,,,,,,,,,,,,,,
product_c1d3e4c6-516d-2cf4-4d2f-064e03c60b1d,Variant,,,,,,,,,true,,,2,,11.82,,,XXL,,,,,,,,,,,,,,,,,,,,,,,,,,,,,,,,,,
product_2a069a4f-c715-c449-68e6-8c72d314b05a,Product,"Women's ""I Love The 703""","<p>We bring to you our unique style designed with the DMV night life and culture. Our unisex t-shirts are made with 100% Cotton, Weight 5.6 Oz.</p>",b7f29b_df69cab9e60740cb9832645c4888cc3f~mv2.jpg;b7f29b_147d16c70fb94c3c8e187559142e27b2~mv2.jpg,T - Shirts;Women,,,35.0,,true,PERCENT,0.0,0,,,Size,DROP_DOWN,Medium;Large;XL;XXL,,,,,,,,,,,,,,,,,,,,,,,,,,,,,,,,,,
product_2a069a4f-c715-c449-68e6-8c72d314b05a,Variant,,,,,,,,,true,,,2,,10.22,,,XL,,,,,,,,,,,,,,,,,,,,,,,,,,,,,,,,,,
product_2a069a4f-c715-c449-68e6-8c72d314b05a,Variant,,,,,,,,,true,,,2,,10.22,,,Medium,,,,,,,,,,,,,,,,,,,,,,,,,,,,,,,,,,
product_2a069a4f-c715-c449-68e6-8c72d314b05a,Variant,,,,,,,,,true,,,2,,10.22,,,Large,,,,,,,,,,,,,,,,,,,,,,,,,,,,,,,,,,
product_2a069a4f-c715-c449-68e6-8c72d314b05a,Variant,,,,,,,,,true,,,2,,11.82,,,XXL,,,,,,,,,,,,,,,,,,,,,,,,,,,,,,,,,,
product_072ec54f-6ccd-21d1-c1bf-6dbfa9812d9f,Product,"Women's ""I Love The 301""","<p>We bring to you our unique style designed with the DMV night life and culture. Our unisex t-shirts are made with 100% Cotton, Weight 5.6 Oz.</p>",b7f29b_6149833e5a6f4ed48f8bfc5f7d23edf7~mv2.jpg;b7f29b_88a137915cfb4213a4c305449a58f9e1~mv2.jpg,T - Shirts;Women,,,35.0,,true,PERCENT,0.0,0,,,Size,DROP_DOWN,Medium;Large;XL;XXL,,,,,,,,,,,,,,,,,,,,,,,,,,,,,,,,,,
product_072ec54f-6ccd-21d1-c1bf-6dbfa9812d9f,Variant,,,,,,,,,true,,,2,,10.22,,,Medium,,,,,,,,,,,,,,,,,,,,,,,,,,,,,,,,,,
product_072ec54f-6ccd-21d1-c1bf-6dbfa9812d9f,Variant,,,,,,,,,true,,,2,,10.22,,,XL,,,,,,,,,,,,,,,,,,,,,,,,,,,,,,,,,,
product_072ec54f-6ccd-21d1-c1bf-6dbfa9812d9f,Variant,,,,,,,,,true,,,2,,10.22,,,Large,,,,,,,,,,,,,,,,,,,,,,,,,,,,,,,,,,
product_072ec54f-6ccd-21d1-c1bf-6dbfa9812d9f,Variant,,,,,,,,,true,,,2,,10.22,,,XXL,,,,,,,,,,,,,,,,,,,,,,,,,,,,,,,,,,
product_3d908f17-79bf-7583-847a-4d83f3cc6e88,Product,"Women's ""I Love The 202""","<p>We bring to you our unique style designed with the DMV night life and culture. Our unisex t-shirts are made with 100% Cotton, Weight 5.6 Oz.</p>",b7f29b_69d270e5e8494aea9e62dbc61ba229dc~mv2.jpg,T - Shirts;Women,,,35.0,,true,PERCENT,0.0,0,,,Size,DROP_DOWN,Medium;Large;XL;XXL,,,,,,,,,,,,,,,,,,,,,,,,,,,,,,,,,,
product_3d908f17-79bf-7583-847a-4d83f3cc6e88,Variant,,,,,,,,,true,,,2,,11.82,,,XXL,,,,,,,,,,,,,,,,,,,,,,,,,,,,,,,,,,
product_3d908f17-79bf-7583-847a-4d83f3cc6e88,Variant,,,,,,,,,true,,,2,,10.22,,,XL,,,,,,,,,,,,,,,,,,,,,,,,,,,,,,,,,,
product_3d908f17-79bf-7583-847a-4d83f3cc6e88,Variant,,,,,,,,,true,,,2,,10.22,,,Large,,,,,,,,,,,,,,,,,,,,,,,,,,,,,,,,,,
product_3d908f17-79bf-7583-847a-4d83f3cc6e88,Variant,,,,,,,,,true,,,2,,10.22,,,Medium,,,,,,,,,,,,,,,,,,,,,,,,,,,,,,,,,,
product_7af7b2d4-cb7c-9b40-f0ee-d4c93486215d,Product,"""I Love The 202""","<p>We bring to you our unique style designed with the DMV night life and culture. Our unisex t-shirts are made with 100% Cotton, Weight 5.6 Oz.</p>",b7f29b_bd0628b065cb45179a342e2a513b8b32~mv2.jpg;b7f29b_1792022a21db4d0f96451dc29247b46a~mv2.jpg;b7f29b_2e21414d85bb42e3862a49848109cd5a~mv2.jpg;b7f29b_dea9da92f6a647f18ad454c46860c257~mv2.jpg,T - Shirts;Men,,,35.0,,true,PERCENT,0.0,InStock,,14.2,Size,DROP_DOWN,Medium;Large;XL;XXL,Color,COLOR,"#000000:Black;rgb(255, 255, 255):White",,,,,,,,,,,,,,,,,,,,,,,,,,,,,,,
product_6dcd45c5-2908-a90c-bc8a-5c7c53a9e364,Product,"""I Love The 301""","<p>We bring to you our unique style designed with the DMV night life and culture. Our unisex t-shirts are made with 100% Cotton, Weight 5.6 Oz.</p>",b7f29b_b4186eec310145b8819ad350fedaa73e~mv2.jpg;b7f29b_c225ad8d12e84493a1f675401f93a69b~mv2.jpg,T - Shirts;Men,,,35.0,,true,PERCENT,0.0,0,,,Size,DROP_DOWN,Medium;Large;XL;XXL,Color,COLOR,"#000000:Black;rgb(255, 255, 255):White",,,,,,,,,,,,,,,,,,,,,,,,,,,,,,,
product_6dcd45c5-2908-a90c-bc8a-5c7c53a9e364,Variant,,,,,,,,,true,,,4,2.0,14.2,,,Medium,,,"rgb(255, 255, 255):White",,,,,,,,,,,,,,,,,,,,,,,,,,,,,,,
product_6dcd45c5-2908-a90c-bc8a-5c7c53a9e364,Variant,,,,,,,,,true,,,4,2.0,14.2,,,Large,,,"rgb(255, 255, 255):White",,,,,,,,,,,,,,,,,,,,,,,,,,,,,,,
product_6dcd45c5-2908-a90c-bc8a-5c7c53a9e364,Variant,,,,,,,,,true,,,4,2.0,14.2,,,Large,,,#000000:Black,,,,,,,,,,,,,,,,,,,,,,,,,,,,,,,
product_6dcd45c5-2908-a90c-bc8a-5c7c53a9e364,Variant,,,,,,,,,true,,,4,2.0,14.2,,,XL,,,"rgb(255, 255, 255):White",,,,,,,,,,,,,,,,,,,,,,,,,,,,,,,
product_6dcd45c5-2908-a90c-bc8a-5c7c53a9e364,Variant,,,,,,,,,true,,,4,2.0,14.2,,,XXL,,,"rgb(255, 255, 255):White",,,,,,,,,,,,,,,,,,,,,,,,,,,,,,,
product_6dcd45c5-2908-a90c-bc8a-5c7c53a9e364,Variant,,,,,,,,,true,,,4,2.0,14.2,,,XL,,,#000000:Black,,,,,,,,,,,,,,,,,,,,,,,,,,,,,,,
product_6dcd45c5-2908-a90c-bc8a-5c7c53a9e364,Variant,,,,,,,,,true,,,4,2.0,14.2,,,Medium,,,#000000:Black,,,,,,,,,,,,,,,,,,,,,,,,,,,,,,,
product_6dcd45c5-2908-a90c-bc8a-5c7c53a9e364,Variant,,,,,,,,,true,,,4,2.0,14.2,,,XXL,,,#000000:Black,,,,,,,,,,,,,,,,,,,,,,,,,,,,,,,
product_04a6335b-5713-d5fe-7e5a-fdfa13345331,Product,"""I Love The 703""","<p>We bring to you our unique style designed with the DMV night life and culture. Our unisex t-shirts are made with 100% Cotton, Weight 5.6 Oz.</p>",b7f29b_d7b779dae1654d85be6a4aaccb03c3ae~mv2.jpg;b7f29b_8c62e58689534c43a6f08736babcbeec~mv2.jpg,T - Shirts;Men,,,35.0,,true,PERCENT,0.0,InStock,,14.2,Size,DROP_DOWN,Meduim;Large;XL;XXL,Color,COLOR,"#000000:Black;rgb(255, 255, 255):White",,,,,,,,,,,,,,,,,,,,,,,,,,,,,,,
product_fa88848b-888c-cda1-5d68-a754237c24d8,Product,"""Our City Our Sound""","<p>We bring to you our unique style designed with the DMV night life and culture. Our unisex t-shirts are made with 100% Cotton, Weight 5.6 Oz.</p>",b7f29b_b8c0bcf49f3f4866a37f77584695ffe2~mv2.jpg;b7f29b_bc3fb089cefd479bab9d1bc0e65d5670~mv2.jpg,GO-GO Collection;T - Shirts;Men;Hot Sellers,,,35.0,,true,PERCENT,0.0,InStock,,14.2,Size,DROP_DOWN,Meduim;Large;XL;XXL,Color,COLOR,"#000000:Black;rgb(255, 255, 255):White",,,,,,,,,,,,,,,,,,,,,,,,,,,,,,,
product_19ab99ea-c63c-8a46-7c9c-f92030ff238c,Product,"""Maryland""","<p>We bring to you our unique style designed with the DMV night life and culture. Our unisex t-shirts are made with 100% Cotton, Weight 5.6 Oz.</p>",b7f29b_0e23474291ae4c0396b1bf9cf6d73c93~mv2.jpg;b7f29b_649967f8e7c2491ba5e52cde050585bd~mv2.jpg,T - Shirts;Men,,,35.0,,true,PERCENT,0.0,InStock,,14.2,Size,DROP_DOWN,Medium;Large;XL;XXL,Color,COLOR,"#000000:Black;rgb(255, 255, 255):White",,,,,,,,,,,,,,,,,,,,,,,,,,,,,,,
product_5579635a-f1e7-083f-8820-3df17784c9a8,Product,"""Maryland Crab""","<p>We bring to you our unique style designed with the DMV night life and culture. Our unisex t-shirts are made with 100% Cotton, Weight 5.6 Oz.</p>",b7f29b_3a8e606c76474b30b30df84f89ced7b0~mv2.jpg;b7f29b_1fbc3e5f9ede4c7888be59fdd64ca0c4~mv2.jpg,T - Shirts;Men,,,35.0,,true,PERCENT,0.0,InStock,,14.2,Size,DROP_DOWN,Medium;Large;XL;XXL,Color,COLOR,"#000000:Black;rgb(255, 255, 255):White",,,,,,,,,,,,,,,,,,,,,,,,,,,,,,,
product_1e911097-17a6-27d4-96f6-afdfe1a8884b,Product,"""I Love DMV GO-GO""","<p>We bring to you our unique style designed with the DMV night life and culture. Our unisex t-shirts are made with 100% Cotton, Weight 5.6 Oz.</p>",b7f29b_d196f9c3df234811a1919bb06461360d~mv2.jpg;b7f29b_dfaaba59f2974f6a90811e58d97f1ddd~mv2.jpg,GO-GO Collection;T - Shirts;Men,,,35.0,,true,PERCENT,0.0,InStock,,14.2,Size,DROP_DOWN,Meduim;Large;XL;XXL,Color,COLOR,"#000000:Black;rgb(255, 255, 255):White",,,,,,,,,,,,,,,,,,,,,,,,,,,,,,,
product_d428d4b6-08c6-c88f-6a8d-a0c162649d66,Product,"""DC, MD, VA""","<p>We bring to you our unique style designed with the DMV night life and culture. Our unisex t-shirts are made with 100% Cotton, Weight 5.6 Oz.</p>",b7f29b_17e31b6f65974587aa919cfc5c5bfdbe~mv2.jpg;b7f29b_654878faca094c9ba710b6f3a4ecbc95~mv2.jpg,Men,,,35.0,,false,PERCENT,0.0,OutOfStock,,,Size,DROP_DOWN,Medium;Large;XL;XXL,Color,COLOR,"#000000:Black;rgb(255, 255, 255):White",,,,,,,,,,,,,,,,,,,,,,,,,,,,,,,
product_02839425-6804-54c5-0713-09a504b60d54,Product,"""I Love GO-GO""","<p>We bring to you our unique style designed with the DMV night life and culture. Our unisex t-shirts are made with 100% Cotton, Weight 5.6 Oz.</p>",b7f29b_ea5e80d7895f41d386cb200192750e3f~mv2.jpg;b7f29b_140a10463d8f4868b9e2d9e96bf47971~mv2.jpg,GO-GO Collection;T - Shirts;Men;Hot Sellers,,,35.0,,true,PERCENT,0.0,InStock,,14.2,Size,DROP_DOWN,Meduim;Large;XL;XXL,Color,COLOR,"#000000:Black;rgb(255, 255, 255):White",,,,,,,,,,,,,,,,,,,,,,,,,,,,,,,
product_db715ed7-d2da-ed07-dfb0-5b0e4f7ea000,Product,"""I Love GO-GO in Color""","<p>We bring to you our unique style designed with the DMV night life and culture. Our unisex t-shirts are made with 100% Cotton, Weight 5.6 Oz.</p>",b7f29b_d792a2ea3ff840b9aa975482dfeef2c0~mv2.jpg;b7f29b_98b3e9d37a9842aba6b3ea1c75b21751~mv2.jpg,GO-GO Collection;T - Shirts;Men,,,35.0,,true,PERCENT,0.0,InStock,,,Size,DROP_DOWN,Medium;Large;XL;XXL,Color,COLOR,"#000000:Black;rgb(255, 255, 255):White",,,,,,,,,,,,,,,,,,,,,,,,,,,,,,,
product_9b165a6c-0eae-7fd3-3ded-07ddec2fc64d,Product,"""I Love GO-GO in Color""","<p>We bring to you our unique style designed with the DMV night life and culture. Our unisex sweat hoodies are made with 90% Cotton, 10% Polyester, Weight 9.7 Oz.&nbsp;</p>",b7f29b_609621c8117a4a63bb65e602b7340c79~mv2.jpg;b7f29b_207a428d0eda44449428596f53229ce6~mv2.jpg;b7f29b_86c1465299324a38ab26802e5c668137~mv2.jpg,GO-GO Collection;Winter;Men,,,55.0,,true,PERCENT,0.0,InStock,,,Size,DROP_DOWN,Medium;Large;XL;XXL;4XL,Color,COLOR,"#000000:Black;rgb(255, 255, 255):White;#E5E3E3:Gray",,,,,,,,,,,,,Item info,"<p>We bring to you our unique style designed with the DMV night life and culture. Our unisex sweat hoodies are made with 90% Cotton, 10% Polyester, Weight 9.7 Oz.&nbsp;</p>
",,,,,,,,,,,,,,,,,
product_e941009f-e3a0-6d0a-a490-e7f5ed1f4ccc,Product,"""I Love GO-GO""","<p>We bring to you our unique style designed with the DMV night life and culture. Our unisex sweat hoodies are made with 90% Cotton, 10% Polyester, Weight 9.7 Oz.&nbsp;</p>",b7f29b_76b6bd5de51f498297617c6e066b0607~mv2.jpg;b7f29b_0701a5e83f0b4a0d830b7abf307d8846~mv2.jpg;b7f29b_cfea06f52afa4a849b0493aebbd2d419~mv2.jpg,GO-GO Collection;Winter;Men,,,55.0,,true,PERCENT,0.0,InStock,,,Size,DROP_DOWN,3XL;4XL;Large;Medium;Meduim;XL;XXL,Color,COLOR,"#000000:Black;#e5e3e3:Gray;rgb(255, 255, 255):White",,,,,,,,,,,,,Item info,"<p>We bring to you our unique style designed with the DMV night life and culture. Our unisex sweat hoodies are made with 90% Cotton, 10% Polyester, Weight 9.7 Oz.&nbsp;</p>
",,,,,,,,,,,,,,,,,
product_59a6c69f-42a9-d329-0d86-9b9fdaef6d80,Product,"""DC, MD, VA""","<p>We bring to you our unique style designed with the DMV night life and culture. Our unisex sweat hoodies are made with 90% Cotton, 10% Polyester, Weight 9.7 Oz.&nbsp;</p>",b7f29b_22989003fc22465cb4a539448fc678ee~mv2.jpg;b7f29b_e62e035cf546439ca43821497aa1fd14~mv2.jpg;b7f29b_b2a60e80799147188e3fe082ee347c9b~mv2.jpg,Winter;Men,,,55.0,,true,PERCENT,0.0,OutOfStock,,,Size,DROP_DOWN,2XL;3XL;4XL;Large;Meduim;XL;XXL,Color,COLOR,"#000000:Black;#e5e3e3:Gray;rgb(255, 255, 255):White",,,,,,,,,,,,,Item info,"<p>We bring to you our unique style designed with the DMV night life and culture. Our unisex sweat hoodies are made with 90% Cotton, 10% Polyester, Weight 9.7 Oz.&nbsp;</p>
",,,,,,,,,,,,,,,,,
product_8b2e0c38-ccb7-9471-9f35-19005cfff8a6,Product,"""I Love DMV GO-GO""","<p>We bring to you our unique style designed with the DMV night life and culture. Our unisex sweat hoodies are made with 90% Cotton, 10% Polyester, Weight 9.7 Oz.&nbsp;</p>",b7f29b_d1f16f33f41a48fdb52e5e8758a75270~mv2.jpg;b7f29b_9318d0797f39481fb516c360f4b405f1~mv2.jpg;b7f29b_5c5932f3a18d4fcc8a9a607fb59fbd28~mv2.jpg,GO-GO Collection;Winter;Men,,,55.0,,true,PERCENT,0.0,InStock,,,Size,DROP_DOWN,2XL;3XL;4XL;Large;Medium;XL;XXL,Color,COLOR,"#000000:Black;#e5e3e3:Gray;rgb(255, 255, 255):White",,,,,,,,,,,,,Item info,"<p>We bring to you our unique style designed with the DMV night life and culture. Our unisex sweat hoodies are made with 90% Cotton, 10% Polyester, Weight 9.7 Oz.&nbsp;</p>
",,,,,,,,,,,,,,,,,
product_e8ea0530-dbf9-6ae6-d2f1-1c9aa866a126,Product,"""Maryland Crab""","<p>We bring to you our unique style designed with the DMV night life and culture. Our unisex sweat hoodies are made with 90% Cotton, 10% Polyester, Weight 9.7 Oz.&nbsp;</p>",b7f29b_f4b46434e3df45c98a6ecfcff24851d9~mv2.jpg;b7f29b_59c354ab98af4f44841750b17feec5ab~mv2.jpg;b7f29b_9a87a929ac024e0280c26b1657b18790~mv2.jpg;b7f29b_0c3f665b5b4f4e0b8400cf4447dfe5e3~mv2.jpg,Winter;Men,,,55.0,,true,PERCENT,0.0,InStock,,,Size,DROP_DOWN,2XL;3XL;4XL;Large;Medium;Small;XL;XXL,Color,COLOR,"#000000:Black;#e5e3e3:Gray;rgb(255, 255, 255):White",,,,,,,,,,,,,Item info,"<p>We bring to you our unique style designed with the DMV night life and culture. Our unisex sweat hoodies are made with 90% Cotton, 10% Polyester, Weight 9.7 Oz.&nbsp;</p>
",,,,,,,,,,,,,,,,,
product_170c2cfc-a2db-0dc3-192f-f8e96c0fd0e7,Product,"""Maryland""","<p>We bring to you our unique style designed with the DMV night life and culture. Our unisex sweat hoodies are made with 90% Cotton, 10% Polyester, Weight 9.7 Oz.&nbsp;</p>",b7f29b_25030999109e467d97b0475d7a685538~mv2.jpg;b7f29b_e65963c7bce14862bdd182f296bb1f55~mv2.jpg;b7f29b_fd4dbd99046545f0b4c46bd9ee133889~mv2.jpg,Winter;Men,,,55.0,,true,PERCENT,0.0,InStock,,,Size,DROP_DOWN,2XL;3XL;4XL;Large;Meduim;Small;XL;XXL,Color,COLOR,"#000000:Black;#e5e3e3:Gray;rgb(255, 255, 255):White",,,,,,,,,,,,,Item info,"<p>We bring to you our unique style designed with the DMV night life and culture. Our unisex sweat hoodies are made with 90% Cotton, 10% Polyester, Weight 9.7 Oz.&nbsp;</p>
",,,,,,,,,,,,,,,,,
product_85fe843e-1f35-385d-1c17-a18060f55d3b,Product,"""Our City Our Sound""","<p>We bring to you our unique style designed with the DMV night life and culture. Our unisex sweat hoodies are made with 90% Cotton, 10% Polyester, Weight 9.7 Oz.&nbsp;</p>",b7f29b_845fd7c740ef4a85af8fe9e57eb8e5b7~mv2.jpg;b7f29b_7e723e14e59748b1b7f04c6be92b8878~mv2.jpg;b7f29b_8f62eff39f374b988b4dbe24fae7a279~mv2.jpg,GO-GO Collection;Winter;Men,,,55.0,,true,PERCENT,0.0,InStock,,,Color,COLOR,"#000000:Black;#e5e3e3:Gray;rgb(255, 255, 255):White",Size,DROP_DOWN,2XL;3XL;4XL;Large;Meduim;Small;XL;XXL,,,,,,,,,,,,,Item info,"<p>We bring to you our unique style designed with the DMV night life and culture. Our unisex sweat hoodies are made with 90% Cotton, 10% Polyester, Weight 9.7 Oz.&nbsp;</p>
",,,,,,,,,,,,,,,,,
product_ec68b1a3-af30-8514-1119-a6b587ed5f60,Product,"""I Love The 703""","<p>We bring to you our unique style designed with the DMV night life and culture. Our unisex sweat hoodies are made with 90% Cotton, 10% Polyester, Weight 9.7 Oz.&nbsp;</p>",b7f29b_acf4621786244ddbab46200cdc1cd8ff~mv2.jpg;b7f29b_acbf05fafe564c6181a415c18e7c652b~mv2.jpg,Winter;Men,,,55.0,,true,PERCENT,0.0,InStock,,,Color,DROP_DOWN,Black;White,Size,DROP_DOWN,2XL;3XL;4XL;Large;Meduim;Small;XL;XXL,,,,,,,,,,,,,Item info,"<p>We bring to you our unique style designed with the DMV night life and culture. Our unisex sweat hoodies are made with 90% Cotton, 10% Polyester, Weight 9.7 Oz.&nbsp;</p>
",,,,,,,,,,,,,,,,,
product_4a4b0074-1616-74c4-0e22-079c288dc3b4,Product,"""I Love The 301""","<p>We bring to you our unique style designed with the DMV night life and culture. Our unisex sweat hoodies are made with 90% Cotton, 10% Polyester, Weight 9.7 Oz.&nbsp;</p>",b7f29b_be6187db8daf41aca96e3de3c15bbf31~mv2.jpg;b7f29b_314690ab607a4f72b07f280d038c58f7~mv2.jpg;b7f29b_c8fa526c084544a1bebdce585a4b622b~mv2.jpg,Winter;Men,,,55.0,,true,PERCENT,0.0,InStock,,,Color,COLOR,"#000000:Black;#e5e3e3:Gray;rgb(255, 255, 255):White",Size,DROP_DOWN,2XL;3XL;4XL;Large;Meduim;Small;XL;XXL,,,,,,,,,,,,,Item info,"<p>We bring to you our unique style designed with the DMV night life and culture. Our unisex sweat hoodies are made with 90% Cotton, 10% Polyester, Weight 9.7 Oz.&nbsp;</p>
",,,,,,,,,,,,,,,,,
product_1cf905f0-675b-aebe-be61-ddd3031fc9b7,Product,"""I Love The 202""","<p>We bring to you our unique style designed with the DMV night life and culture. Our unisex sweat hoodies are made with 90% Cotton, 10% Polyester, Weight 9.7 Oz.&nbsp;</p>",b7f29b_a6a2b18cbf9b48088ff229de9fcb5903~mv2.jpg;b7f29b_e4436796bc7d4509aa8c286fd483da4e~mv2.jpg;b7f29b_85b1c9ab42c344ff8ff1d897dd65cb82~mv2.jpg;b7f29b_d8c5949d7427466994442de0dc0a66eb~mv2.jpg,Winter;Men,,,55.0,,true,PERCENT,0.0,InStock,,,Color,COLOR,"#000000:Black;rgb(255, 255, 255):White;#e5e3e3:Gray",Size,DROP_DOWN,2XL;3XL;4XL;Large;Meduim;Small;XL;XXL,,,,,,,,,,,,,Item info,"<p>We bring to you our unique style designed with the DMV night life and culture. Our unisex sweat hoodies are made with 90% Cotton, 10% Polyester, Weight 9.7 Oz.&nbsp;</p>
",,,,,,,,,,,,,,,,,
product_fcfea909-52d1-31e1-cd4f-fa443c3bf079,Product,"""VA Finest""","<p>We bring to you our unique style designed with the DMV night life and culture. Our unisex sweat hoodies are made with 90% Cotton, 10% Polyester, Weight 9.7 Oz.&nbsp;</p>",b7f29b_0cd02236f227437690a786301cd47f87~mv2.jpg;b7f29b_d779929e28394215a7b422c8ad18914b~mv2.jpg,Winter;Men,,,55.0,,true,PERCENT,0.0,InStock,,,Color,COLOR,"#e5e3e3:Gray;rgb(255, 255, 255):White",Size,DROP_DOWN,2XL;3XL;4XL;Large;Meduim;Small;XL;XXL,,,,,,,,,,,,,Item info,"<p>We bring to you our unique style designed with the DMV night life and culture. Our unisex sweat hoodies are made with 90% Cotton, 10% Polyester, Weight 9.7 Oz.&nbsp;</p>
",,,,,,,,,,,,,,,,,
product_5fc01da8-bc2a-69e8-4020-782547324fda,Product,"""Our City - Our Sound Color""","<p>We bring to you our unique style designed with the DMV night life and culture. Our unisex t-shirts are made with 100% Cotton, Weight 5.6 Oz.</p>",b7f29b_c67da4a2b365409f89b78b6e9cd9f26c~mv2.jpg;b7f29b_0c7df96c6b0848789c80a318e94c3b24~mv2.jpg;b7f29b_11d3fccaf4564b6d83105898ed24c97d~mv2.jpg;b7f29b_707f21963b92484b8764cd44356bc120~mv2.jpg;b7f29b_76c8b95f29684300a2048cac1fb5692a~mv2.jpg;b7f29b_0dac2cff54d7443fb768a8ce5f97ab2b~mv2.jpg,GO-GO Collection,,,35.0,,false,PERCENT,0.0,InStock,,,,,,,,,,,,,,,,,,,,,,,,,,,,,,,,,,,,,,,
product_49dcde48-2b9f-2246-dfec-f7be5123e46e,Product,"""Womens DMV Harbor Life""","<p>We bring to you our unique style designed with the DMV night life and culture. Our unisex t-shirts are made with 100% Cotton, Weight 5.6 Oz.</p>",b7f29b_c1a4be6520884d46a41e9014bb759c5d~mv2.jpg;b7f29b_349abf03014d42bf9ec284eecec88668~mv2.jpg,T - Shirts;Women,,,35.0,,true,PERCENT,0.0,InStock,,,Color,COLOR,"#000000:Black;rgb(255, 255, 255):White",Size,DROP_DOWN,Medium;Large;XL;XXL,,,,,,,,,,,,,,,,,,,,,,,,,,,,,,,
product_2109d15f-29c2-59ee-5375-6b7138abd447,Product,Virginia,"<p>We bring to you our unique style designed with the DMV night life and culture. Our unisex t-shirts are made with 100% Cotton, Weight 5.6 Oz.</p>",b7f29b_774c1de07bb04ccf8ab90f6c4cceb872~mv2.jpg;b7f29b_3d6372596c1545ee956c6c91863b6e86~mv2.jpg;b7f29b_2df22c96ec114e498ca10730d93e65b5~mv2.jpg;b7f29b_cd4a088138c1466e937a0be41bd8f354~mv2.jpg,,,,35.0,,false,PERCENT,0.0,InStock,,,,,,,,,,,,,,,,,,,,,,,,,,,,,,,,,,,,,,,
product_81f3a69a-c2b1-7d71-05f7-b2eccd5578e3,Product,Maryland,"<p>We bring to you our unique style designed with the DMV night life and culture. Our unisex t-shirts are made with 100% Cotton, Weight 5.6 Oz.</p>",b7f29b_a48fc2d66b584eeb93fb8ad93999f797~mv2.jpg;b7f29b_ede4efb9dde041a38d3ca42fab1f25e8~mv2.jpg;b7f29b_444b90ad82a24863bc3ac8e9c5151c5a~mv2.jpg;b7f29b_c31f7e4373cf4792a78b2f651fbaab74~mv2.jpg;b7f29b_47b3c705124b4fd292301ee68aa4c651~mv2.jpg,Men,,,35.0,,false,PERCENT,0.0,InStock,,,,,,,,,,,,,,,,,,,,,,,,,,,,,,,,,,,,,,,
product_ea77f230-558f-57b6-cdd1-0ba565e8f827,Product,"""Black Lives Matter""","<p>We bring to you our unique style designed with the DMV night life and culture. Our unisex t-shirts are made with 100% Cotton, Weight 5.6 Oz.</p>",b7f29b_bc640cbd4aba4670a7131bba09aa6855~mv2.jpg;b7f29b_5b89da690e5c412ab6cfad7eb1c01141~mv2.jpg;b7f29b_4189e5da4b18449885a67c5b4efda027~mv2.jpg;b7f29b_85572f4fb7894313b9e53eb5ec9a045c~mv2.jpg;b7f29b_d7738c56c81042a7bed59be32f969d7c~mv2.jpg;b7f29b_38d4455fe8ca438895438763ba5eaa93~mv2.jpg;b7f29b_12e95c22422d4cf896bfd814b3ce618c~mv2.jpg;b7f29b_1dd88af10e2a441a9043b8a4dad23bde~mv2.jpg;b7f29b_8f1e111036a744069727988cc34d079a~mv2.jpg;b7f29b_87dd0abb487a4bc689b8fb31ec98a2e8~mv2.jpg;b7f29b_a0af257e60a24357b07235386b123af8~mv2.jpg;b7f29b_a5be7c4eec0d4a31bc64e5fbad92a913~mv2.jpg,Men,364215376135199,,35.0,,false,PERCENT,0.0,InStock,,,Size,DROP_DOWN,Small;Medium;Large;XL;2XL;3XL;4XL;5XL;6XL,Color,COLOR,"#000000:Black;rgb(255, 255, 255):White",,,,,,,,,,,,,PRODUCT INFO,<p>100% Cotton Blend T-Shirt.&nbsp; The design is made with superior rainbow vinyl.&nbsp;&nbsp;</p>,RETURN & REFUND POLICY,<p>15 Day Return Policy for Exchanges and Store Credit.&nbsp;&nbsp;</p>,SHIPPING INFO,<p>All items ship with USPS Express 2 day shipping (within the continental US) .&nbsp; 2-3 Day handling time.&nbsp; Orders received in less than 5 business days in most cases.</p>,,,,,,,,,,,,,
product_6b6778b4-c626-c00d-972c-b138d85e3f07,Product,"""It's The Vibes For Me""","<p>We bring to you our unique style designed with the DMV night life and culture. Our unisex t-shirts are made with 100% Cotton, Weight 5.6 Oz.</p>",b7f29b_13d88d86754b46c3a052ee26878e0cd3~mv2.jpg;b7f29b_cc50c942666c414b8586ba12b91c5227~mv2.jpg;b7f29b_97797bdb1ea7403d98939d0ccafa3898~mv2.jpg;b7f29b_6551eeec832b4444a14c8e2cdecd4c85~mv2.jpg;b7f29b_e3ac4a46c4664f649b77fe24d38055a6~mv2.jpg,Women,632835642834572,,35.0,,false,PERCENT,0.0,InStock,,,Size,DROP_DOWN,small;medium;large;XL;2XL,Color,COLOR,"#000000:Black;rgb(255, 255, 255):White",,,,,,,,,,,,,PRODUCT INFO,<p>100% Cotton Blend T-Shirt.&nbsp; The design is made with superior holographic&nbsp;vinyl.&nbsp;&nbsp;</p>,RETURN & REFUND POLICY,<p>15 Day Return Policy for Exchanges and Store Credit.</p>,SHIPPING INFO,<p>All items ship with USPS Express 2 day shipping (within the continental US) .&nbsp; 2-3 Day handling time.&nbsp; Orders received in less than 5 business days in most cases.</p>,,,,,,,,,,,,,
product_d99d3cc8-bc75-ec47-6c72-f713016f98f3,Product,"Women's ""I Luv Go Go""","<p>We bring to you our unique style designed with the DMV night life and culture. Our unisex t-shirts are made with 100% Cotton, Weight 5.6 Oz.</p>",b7f29b_fc00c169d14b4c6b9da8a7312557821c~mv2.jpg;b7f29b_a1406bb160814069bb721ecc38cebbfa~mv2.jpg;b7f29b_867d1c874fb84155b79f71b7c5897df5~mv2.jpg;b7f29b_35a0c8dd6a0f48cab61f667b14619b5c~mv2.jpg,Women;GO-GO Collection,366615376135191,,35.0,,false,PERCENT,0.0,InStock,,,Size,DROP_DOWN,Small;Large,,,,,,,,,,,,,,,,PRODUCT INFO,"I'm a product detail. I'm a great place to add more information about your product such as sizing, material, care and cleaning instructions. This is also a great space to write what makes this product special and how your customers can benefit from this item.",RETURN & REFUND POLICY,I’m a Return and Refund policy. I’m a great place to let your customers know what to do in case they are dissatisfied with their purchase. Having a straightforward refund or exchange policy is a great way to build trust and reassure your customers that they can buy with confidence.,SHIPPING INFO,"I'm a shipping policy. I'm a great place to add more information about your shipping methods, packaging and cost. Providing straightforward information about your shipping policy is a great way to build trust and reassure your customers that they can buy from you with confidence.",,,,,,,,,,,,,
product_3fb6a3c8-988b-8755-04bd-5c59ae0b18ea,Product,"""DMV Flags""","<p>We bring to you our unique style designed with the DMV night life and culture. Our unisex t-shirts are made with 100% Cotton, Weight 5.6 Oz.</p>",b7f29b_48fe9ebe3c754fcf9971c99ddd8d83f1~mv2.jpg;b7f29b_0c1d052cec5e4c65a7a4c3b8b8fced58~mv2.jpg;b7f29b_510a8e1de30f4c64b637db81fe0f7df2~mv2.jpg;b7f29b_9cbdbd8aa1fb4920ad1e24e20703a2bc~mv2.jpg;3c76e2_a5cfebe621ab4133bc3e8c313bdbbd5c~mv2.jpg,Men,36523641234523,,35.0,,false,PERCENT,0.0,InStock,,,,,,,,,,,,,,,,,,,,,PRODUCT INFO,"I'm a product detail. I'm a great place to add more information about your product such as sizing, material, care and cleaning instructions. This is also a great space to write what makes this product special and how your customers can benefit from this item.",RETURN & REFUND POLICY,I’m a Return and Refund policy. I’m a great place to let your customers know what to do in case they are dissatisfied with their purchase. Having a straightforward refund or exchange policy is a great way to build trust and reassure your customers that they can buy with confidence.,SHIPPING INFO,"I'm a shipping policy. I'm a great place to add more information about your shipping methods, packaging and cost. Providing straightforward information about your shipping policy is a great way to build trust and reassure your customers that they can buy from you with confidence.",,,,,,,,,,,,,
product_df19c1f7-07d8-a265-42f8-e8dfa824cc6e,Product,"""Black Men Are Dope""","<p>We bring to you our unique style designed with the DMV night life and culture. Our unisex t-shirts are made with 100% Cotton, Weight 5.6 Oz.</p>",b7f29b_16193764b2f741b39e91d2a57c6c3cf5~mv2.jpg;b7f29b_5679b436d73f42ec8faf461a0789fb73~mv2.jpg;b7f29b_ba2518e33dcf4f42b5a3bc3a4c4d30b3~mv2.jpg;b7f29b_77632093ff644561b319819c554cc7ab~mv2.jpg;b7f29b_381552642f6b440e854186b0f86c0d48~mv2.jpg;b7f29b_45e627fed48e48559c3bc9c97fad78d8~mv2.jpg,Men,364215376135191,New Arrival,35.0,,false,PERCENT,0.0,InStock,,,Color,COLOR,"#000000:Black;rgb(255, 255, 255):White",Size,DROP_DOWN,Small;Medium;Large;XL;2XL;3XL;4XL;5XL;6XL,,,,,,,,,,,,,PRODUCT INFO,<p>100% Cotton Blend T-Shirt.&nbsp; The design is made with superior&nbsp;vinyl.&nbsp;&nbsp;</p>,RETURN & REFUND POLICY,<p>15 Day Return Policy for Exchanges and Store Credit.</p>,SHIPPING INFO,<p>All items ship with USPS Express 2 day shipping (within the continental US) .&nbsp; 2-3 Day handling time.&nbsp; Orders received in less than 5 business days in most cases.</p>,,,,,,,,,,,,,
product_cd59cd36-b6d2-2cf3-9d48-81793a7bdbbd,Product,"""DMV Go Go Music for Life""","<p>We bring to you our unique style designed with the DMV night life and culture. Our unisex t-shirts are made with 100% Cotton, Weight 5.6 Oz.</p>",b7f29b_cba796f2aacc4f7e85ded70329ad0ad4~mv2.jpg;b7f29b_93bcb8a053e04c478796759ed5a9bb52~mv2.jpg;b7f29b_b8de7a6f2f3c48db968474acf77cff09~mv2.jpg;b7f29b_f5a300f23c344e188ad93cbc701c02d1~mv2.jpg;b7f29b_bfc5b3d649c74d8181f6fb6789453ac4~mv2.jpg;b7f29b_3d67fde7811a4c1eb8d4b6224a5cd121~mv2.jpg;b7f29b_0d95c736f2a74098a78c9c91319a1292~mv2.jpg,Men;GO-GO Collection,364215375135191,,35.0,,false,PERCENT,0.0,InStock,,,Color,COLOR,"#000000:Black;rgb(255, 255, 255):White",Size,DROP_DOWN,Small;Medium;Large;XL;2XL;3XL;4XL;5XL;6XL,,,,,,,,,,,,,PRODUCT INFO,<p>100% Cotton Blend T-Shirt.&nbsp; The design is made with superior&nbsp;vinyl.&nbsp;&nbsp;</p>,RETURN & REFUND POLICY,<p>15 Day Return Policy for Exchanges and Store Credit.</p>,SHIPPING INFO,<p>All items ship with USPS Express 2 day shipping (within the continental US) .&nbsp; 2-3 Day handling time.&nbsp; Orders received in less than 5 business days in most cases.</p>,,,,,,,,,,,,,
product_c8539b66-7a44-fe18-affc-afec4be8562a,Product,"""I Luv Go - Go""","<p>We bring to you our unique style designed with the DMV night life and culture. Our unisex t-shirts are made with 100% Cotton, Weight 5.6 Oz.</p>",b7f29b_af353e8544cd4ac79c7b788bd6d9641d~mv2.jpg;b7f29b_d1e49bbda1974fde9c9914fe89e48ad2~mv2.jpg;b7f29b_340e5ba137f5499bae1030031001d431~mv2.jpg;b7f29b_5a593f891b5a43aa8eac69fff1d1bace;b7f29b_356f536231514f1bac5c291570d059fe~mv2.jpg;b7f29b_203a35202e56496aa5ddf37ce1804413~mv2.jpg;b7f29b_7a1d4138008f4297ae19017dd839a701~mv2.jpg;b7f29b_c14ce97ccad948a2aabea415c8e45f18~mv2.jpg,Men,364115376135191,,35.0,,false,PERCENT,0.0,InStock,,,Color,COLOR,"#000:Black;rgb(255, 255, 255):White",Size,DROP_DOWN,Small;Medium;Large;XL;2XL;3XL;4XL;5XL;6XL,,,,,,,,,,,,,PRODUCT INFO,"I'm a product detail. I'm a great place to add more information about your product such as sizing, material, care and cleaning instructions. This is also a great space to write what makes this product special and how your customers can benefit from this item.",RETURN & REFUND POLICY,I’m a Return and Refund policy. I’m a great place to let your customers know what to do in case they are dissatisfied with their purchase. Having a straightforward refund or exchange policy is a great way to build trust and reassure your customers that they can buy with confidence.,SHIPPING INFO,"I'm a shipping policy. I'm a great place to add more information about your shipping methods, packaging and cost. Providing straightforward information about your shipping policy is a great way to build trust and reassure your customers that they can buy from you with confidence.",,,,,,,,,,,,,
product_975bc5ac-c45f-f81c-fd5c-c909f20d89fa,Product,PeriodT Pooh,"<p>We bring to you our unique style designed with the DMV night life and culture. Our unisex t-shirts are made with 100% Cotton, Weight 5.6 Oz.</p>",b7f29b_cf80fa15279e4c1ab0f01b6180fb4c20~mv2.jpg;b7f29b_8bedf12a8b2f4fe2a6a98dc35c6f3bde~mv2.jpg;b7f29b_29f6ca97b3d844f1b95a27caa3f69777~mv2.jpg;b7f29b_0824e74e9d5e41d68c5032550a78caa4~mv2.jpg;b7f29b_8b83527b38ef4ea3af57435bfa5b4165~mv2.jpg;b7f29b_f483310a604a4accab18289172a5e16d~mv2.jpg;3c76e2_e8498de77aaf451fbc79a0206b4e30c0~mv2.jpg,Women,284215376135191,,35.0,,false,PERCENT,0.0,InStock,,,Color,COLOR,"#000000:Black;rgb(255, 255, 255):White",Size,DROP_DOWN,Small;Medium;Large;XL;2XL,,,,,,,,,,,,,RETURN & REFUND POLICY,I’m a Return and Refund policy. I’m a great place to let your customers know what to do in case they are dissatisfied with their purchase. Having a straightforward refund or exchange policy is a great way to build trust and reassure your customers that they can buy with confidence.,SHIPPING INFO,"I'm a shipping policy. I'm a great place to add more information about your shipping methods, packaging and cost. Providing straightforward information about your shipping policy is a great way to build trust and reassure your customers that they can buy from you with confidence.",PRODUCT INFORMATION,<p>100% Cotton Blend T-Shirt.&nbsp;</p>,,,,,,,,,,,,,
product_52b0658f-3b3d-796e-9532-87cd79468363,Product,"Women's ""Go Go Music For Life""","<p>This shirt is for all the DC Go Go music fans to show their life long support for the sound.&nbsp;&nbsp;We bring to you our unique style designed with the DMV night life and culture. Our unisex t-shirts are made with 100% Cotton, Weight 5.6 Oz.</p>",b7f29b_86df697ad57b40fea64b7f5878678da5~mv2.jpg;b7f29b_6fb8e3cfdf2e4028afa5c746d6ccc5f1~mv2.jpg;b7f29b_781974bb1fa5424fb485d1400e32ecdc~mv2.jpg;b7f29b_bde986fa4e1440f4b29a5b0e0763bf9a~mv2.jpg;b7f29b_f3dae8360cef4746aa0dcceee8f5cdab~mv2.jpg;b7f29b_54dcf06bd12e41e898daf0d1d7b2be63~mv2.jpg,Women,671253175371,,35.0,,false,PERCENT,0.0,InStock,,,Color,COLOR,"#000000:Black;rgb(255, 255, 255):White",Size,DROP_DOWN,Small;Medium;Large;XL;XXL,,,,,,,,,,,,,PRODUCT INFO,<p>100% Cotton Blend T-Shirt.&nbsp; The design is made with superior&nbsp;vinyl.&nbsp;</p>,RETURN & REFUND POLICY,<p>15 Day Return Policy for Exchanges and Store Credit.</p>,SHIPPING INFO,<p>All items ship with USPS Express 2 day shipping (within the continental US) .&nbsp; 2-3 Day handling time.&nbsp; Orders received in less than 5 business days in most cases.</p>,,,,,,,,,,,,,
product_1a2d7e83-4bef-31d5-09e1-3326ee271c09,Product,"""Our City - Our Sound""","<p>We bring to you our unique style designed with the DMV night life and culture. Our unisex t-shirts are made with 100% Cotton, Weight 5.6 Oz.</p>",b7f29b_069c4816163e490a91d37684816b6ac2~mv2.jpg;b7f29b_bfa551e21bea4054a3bdacd06a200129~mv2.jpg;b7f29b_47e14511a31b4d209538cbe174d806bc~mv2.jpg;b7f29b_4591b72dd33842049906ed2033616e60~mv2.jpg;b7f29b_7b7570324a15408fa33cdd9030215c1a~mv2.jpg;b7f29b_03d91d54425d482ab1f47f5cf2f2ab20,Men;GO-GO Collection,217537123517253,,35.0,,false,PERCENT,0.0,InStock,,,Size,DROP_DOWN,Small;Medium;Large;XL;2XL;3XL;4XL;5XL;6XL,Color,COLOR,"rgb(255, 255, 255):White",,,,,,,,,,,,,PRODUCT INFO,<p>100% Cotton Blend T-Shirt. The design is made with superior&nbsp;vinyl.</p>,RETURN & REFUND POLICY,<p>15 Day Return Policy for Exchanges and Store Credit.</p>,SHIPPING INFO,<p>All items ship with USPS Express 2 day shipping (within the continental US) .&nbsp; 2-3 Day handling time.&nbsp; Orders received in less than 5 business days in most cases.</p>,,,,,,,,,,,,,
product_a668ef33-f5b8-6569-d04c-1d123be68441,Product,"""The City""","<p>We bring to you our unique style designed with the DMV night life and culture. Our unisex t-shirts are made with 100% Cotton, Weight 5.6 Oz.</p>",b7f29b_1937cd5ea23943d4bccb1a0586c67009~mv2.jpg;b7f29b_d4e537a4fee64d45ac3769f1c5c0b5cb~mv2.jpg;b7f29b_863595e1621f40ea8b69cd2204255ff0~mv2.jpg;b7f29b_42224fa2ec1a433da2f9922fc92226be~mv2.jpg;b7f29b_0ec11652c26a411395de4c3dd5661c5b~mv2.png;b7f29b_08a2f254a8e5442fb9c1ca9688fd3b7e,Men,21554345656,,35.0,,false,PERCENT,0.0,InStock,,,Size,DROP_DOWN,Small;Large;Medium;XL;2XL;3XL;4XL;5XL;6XL,Color,COLOR,"rgb(255, 255, 255):White",,,,,,,,,,,,,PRODUCT INFO,<p>100% Cotton Blend T-Shirt.&nbsp; The design is made with superior&nbsp;vinyl.&nbsp;</p>,RETURN & REFUND POLICY,<p>15 Day Return Policy for Exchanges and Store Credit.</p>,SHIPPING INFO,<p>All items ship with USPS Express 2 day shipping (within the continental US) .&nbsp; 2-3 Day handling time.&nbsp; Orders received in less than 5 business days in most cases.</p>,,,,,,,,,,,,,
product_7bb38a7a-70b7-9cf3-fc80-584205694465,Product,"""Official Music Of DC""",<p>This design is an espresion of the feeling Go Go music fans have.</p>,b7f29b_a3294641272d453faf9b736b39b2c8d5~mv2.png;b7f29b_cbd2100609a040f993f5551ba5ba906d~mv2.png;b7f29b_61e871913fa94a0e99115b9a38089e5f~mv2.png;b7f29b_c51520a2790e408fb90b4995664f01f5~mv2.png;b7f29b_f436b9b43e374860aa7698ae6d230eef~mv2.png,Men;GO-GO Collection,126351351935,,35.0,,false,PERCENT,25.0,InStock,,,Color,COLOR,#000000:Black,Size,DROP_DOWN,Small;Medium;Large;XL;2XL;3XL;4XL;5XL;6XL,,,,,,,,,,,,,PRODUCT INFO,<p>100% Cotton Blend T-Shirt.&nbsp; The design is made with superior&nbsp;vinyl.&nbsp;&nbsp;</p>,RETURN & REFUND POLICY,<p>15 Day Return Policy for Exchanges and Store Credit.</p>,SHIPPING INFO,<p>All items ship with USPS Express 2 day shipping (within the continental US) .&nbsp; 2-3 Day handling time.&nbsp; Orders received in less than 5 business days in most cases.</p>,,,,,,,,,,,,,
